https://vk.vas3k.cloud/megadrive_sega, https://vas3k.club/user/Sega
https://vk.vas3k.cloud/crimson_ugolek, https://vas3k.club/user/ugolek
https://vk.vas3k.cloud/galinafisher1010, https://vas3k.club/user/galinafisher1010
https://vk.vas3k.cloud/gallant_prtngn, https://vas3k.club/user/prtngn
https://vk.vas3k.cloud/devout_gleb17, https://vas3k.club/user/Gleb17
https://vk.vas3k.cloud/apt_irinazhukova, https://vas3k.club/user/irinazhukova
https://vk.vas3k.cloud/kindly_katya_g, https://vas3k.club/user/Katya_G
https://vk.vas3k.cloud/nimble_kviat, https://vas3k.club/user/kviat
https://vk.vas3k.cloud/hot_natalliabialevich, https://vas3k.club/user/natalliabialevich
https://vk.vas3k.cloud/elated_tatovs, https://vas3k.club/user/tatovs
https://vk.vas3k.cloud/beamy_vicistomin, https://vas3k.club/user/vicistomin