https://vk.vas3k.cloud/magical_vas3k, https://vas3k.club/user/vas3k, 
https://vk.vas3k.cloud/passionate_lena, https://vas3k.club/user/lena, 
https://vk.vas3k.cloud/alert_thirteen810, https://vas3k.club/user/thirteen810, 
https://vk.vas3k.cloud/amazed_jezo4ka, https://vas3k.club/user/jezo4ka, 
https://vk.vas3k.cloud/vorona_karabuta, https://vas3k.club/user/vorona_karabuta, 
https://vk.vas3k.cloud/za_waitforit_rina, https://vas3k.club/user/za_waitforit_rina, 
https://vk.vas3k.cloud/tactful_vladles, https://vas3k.club/user/vladles, 
https://vk.vas3k.cloud/frosty_danis, https://vas3k.club/user/danis, 
https://vk.vas3k.cloud/cheery_vnvdm, https://vas3k.club/user/vnvdm, 
https://vk.vas3k.cloud/mighty_conrad, https://vas3k.club/user/mighty_conrad, 
https://vk.vas3k.cloud/mighty_klalofu, https://vas3k.club/user/klalofu, 
https://vk.vas3k.cloud/agile_zibzibzib, https://vas3k.club/user/zibzibzib, 
https://vk.vas3k.cloud/witty_soul_porno, https://vas3k.club/user/soul_porno, 
https://vk.vas3k.cloud/punky_rostegozavr, https://vas3k.club/user/rostegozavr, 
https://vk.vas3k.cloud/racy_eli_wonderlust, https://vas3k.club/user/eli_wonderlust, 
https://vk.vas3k.cloud/foggy_kutovoys, https://vas3k.club/user/kutovoys, 
https://vk.vas3k.cloud/spry_mikhailkorobko, https://vas3k.club/user/mikhailkorobko, 
https://vk.vas3k.cloud/lemon_maxikadze, https://vas3k.club/user/maxikadze, 
https://vk.vas3k.cloud/lithe_docmelnikov, https://vas3k.club/user/docmelnikov, 
https://vk.vas3k.cloud/rusty_semenych82, https://vas3k.club/user/semenych82, 
https://vk.vas3k.cloud/dreamy_mixbez, https://vas3k.club/user/mixbez, 
https://vk.vas3k.cloud/soothing_kick0zz, https://vas3k.club/user/kick0zz, 
https://vk.vas3k.cloud/sassy_kostyevgen, https://vas3k.club/user/kostyevgen, 
https://vk.vas3k.cloud/wild_annadoronina, https://vas3k.club/user/annadoronina, 
https://vk.vas3k.cloud/extra_vladdremov, https://vas3k.club/user/vladdremov, 
https://vk.vas3k.cloud/wry_kiwi_v_chili, https://vas3k.club/user/kiwi_v_chili, 
https://vk.vas3k.cloud/kind_shrimpsizemoose, https://vas3k.club/user/shrimpsizemoose, 
https://vk.vas3k.cloud/flame_shambler, https://vas3k.club/user/shambler, 
https://vk.vas3k.cloud/sunny_modest_man, https://vas3k.club/user/modest_man, 
https://vk.vas3k.cloud/smart_alex_babyk, https://vas3k.club/user/alex_babyk, 
https://vk.vas3k.cloud/plush_skywinder, https://vas3k.club/user/skywinder, 
https://vk.vas3k.cloud/rusty_mrartemev, https://vas3k.club/user/mrartemev, 
https://vk.vas3k.cloud/lithe_tetelevm, https://vas3k.club/user/tetelevm, 
https://vk.vas3k.cloud/bad_m0rtyn, https://vas3k.club/user/m0rtyn, 
https://vk.vas3k.cloud/polite_loskir, https://vas3k.club/user/loskir, 
https://vk.vas3k.cloud/curious_alikhil, https://vas3k.club/user/alikhil, 
https://vk.vas3k.cloud/lucky_teymurov, https://vas3k.club/user/teymurov, 
https://vk.vas3k.cloud/generous_v1ta, https://vas3k.club/user/v1ta, 
https://vk.vas3k.cloud/savvy_zavgorodniy, https://vas3k.club/user/zavgorodniy, 
https://vk.vas3k.cloud/true_onlinecodebase, https://vas3k.club/user/onlinecodebase, 
https://vk.vas3k.cloud/chatty_maziza, https://vas3k.club/user/maziza, 
https://vk.vas3k.cloud/candid_doredel, https://vas3k.club/user/doredel, 
https://vk.vas3k.cloud/fit_timakovdmitry, https://vas3k.club/user/timakovdmitry, 
https://vk.vas3k.cloud/zen_rationalanswer, https://vas3k.club/user/rationalanswer, 
https://vk.vas3k.cloud/sage_malagrugrous, https://vas3k.club/user/malagrugrous, 
https://vk.vas3k.cloud/gleeful_lebster, https://vas3k.club/user/lebster, 
https://vk.vas3k.cloud/jazzy_dpaliy, https://vas3k.club/user/dpaliy, 
https://vk.vas3k.cloud/royal_monomarh, https://vas3k.club/user/monomarh, 
https://vk.vas3k.cloud/svelte_htota, https://vas3k.club/user/htota, 
https://vk.vas3k.cloud/bubbly_ppilif, https://vas3k.club/user/ppilif, 
https://vk.vas3k.cloud/fair_alexgaidukov, https://vas3k.club/user/alexgaidukov, 
https://vk.vas3k.cloud/shiny_biteryakov, https://vas3k.club/user/biteryakov, 
https://vk.vas3k.cloud/fragrant_lyyn, https://vas3k.club/user/lyyn, 
https://vk.vas3k.cloud/swift_alinushik, https://vas3k.club/user/alinushik, 
https://vk.vas3k.cloud/royal_aebushmin, https://vas3k.club/user/aebushmin, 
https://vk.vas3k.cloud/cagey_alexander, https://vas3k.club/user/alexander, 
https://vk.vas3k.cloud/peaceful_gkgk, https://vas3k.club/user/gkgk, 
https://vk.vas3k.cloud/lucky_de1337ed, https://vas3k.club/user/de1337ed, 
https://vk.vas3k.cloud/crisp_n1ckpr0s, https://vas3k.club/user/n1ckpr0s, 
https://vk.vas3k.cloud/mischief_stfbee, https://vas3k.club/user/stfbee, 
https://vk.vas3k.cloud/happy_paw_lick, https://vas3k.club/user/paw_lick, 
https://vk.vas3k.cloud/green_alexgenin, https://vas3k.club/user/alexgenin, 
https://vk.vas3k.cloud/fizzy_enchantner, https://vas3k.club/user/enchantner, 
https://vk.vas3k.cloud/magnetic_ilfa, https://vas3k.club/user/ilfa, 
https://vk.vas3k.cloud/honey_nepofigist, https://vas3k.club/user/nepofigist, 
https://vk.vas3k.cloud/foxy_v3kcl_user_0123, https://vas3k.club/user/v3kcl_user_0123, 
https://vk.vas3k.cloud/amazed_faust, https://vas3k.club/user/faust, 
https://vk.vas3k.cloud/trusty_triod, https://vas3k.club/user/triod, 
https://vk.vas3k.cloud/picturesque_l3if, https://vas3k.club/user/l3if, 
https://vk.vas3k.cloud/velvety_icekom, https://vas3k.club/user/icekom, 
https://vk.vas3k.cloud/spicy_ozeranskii, https://vas3k.club/user/ozeranskii, 
https://vk.vas3k.cloud/witty_redetection, https://vas3k.club/user/redetection, 
https://vk.vas3k.cloud/chatty_vidog, https://vas3k.club/user/vidog, 
https://vk.vas3k.cloud/hefty_jacobbeam, https://vas3k.club/user/jacobbeam, 
https://vk.vas3k.cloud/humble_alskv13, https://vas3k.club/user/alskv13, 
https://vk.vas3k.cloud/giddy_franconian, https://vas3k.club/user/franconian, 
https://vk.vas3k.cloud/snug_notyetbengan, https://vas3k.club/user/notyetbengan, 
https://vk.vas3k.cloud/tricky_niffler, https://vas3k.club/user/niffler, 
https://vk.vas3k.cloud/jolly_yavanosta, https://vas3k.club/user/yavanosta, 
https://vk.vas3k.cloud/tricky_istizap, https://vas3k.club/user/istizap, 
https://vk.vas3k.cloud/warm_doctor_pomogite, https://vas3k.club/user/doctor_pomogite, 
https://vk.vas3k.cloud/dandy_slavsquat, https://vas3k.club/user/slavsquat, 
https://vk.vas3k.cloud/glossy_sesav, https://vas3k.club/user/sesav, 
https://vk.vas3k.cloud/swift_ekatesma, https://vas3k.club/user/ekatesma, 
https://vk.vas3k.cloud/candy_dimaflusov, https://vas3k.club/user/dimaflusov, 
https://vk.vas3k.cloud/chirpy_rokiden, https://vas3k.club/user/rokiden, 
https://vk.vas3k.cloud/lanky_kaziwhale, https://vas3k.club/user/kaziwhale, 
https://vk.vas3k.cloud/enchanted_42mo, https://vas3k.club/user/42mo, 
https://vk.vas3k.cloud/fiery_ari_yusa, https://vas3k.club/user/ari_yusa, 
https://vk.vas3k.cloud/hazel_vivishko, https://vas3k.club/user/vivishko, 
https://vk.vas3k.cloud/true_andreyragimov, https://vas3k.club/user/andreyragimov, 
https://vk.vas3k.cloud/earthy_lcd1232, https://vas3k.club/user/lcd1232, 
https://vk.vas3k.cloud/cheer_vatolinalex, https://vas3k.club/user/vatolinalex, 
https://vk.vas3k.cloud/serene_zlebnik, https://vas3k.club/user/zlebnik, 
https://vk.vas3k.cloud/hazel_naimnaimov, https://vas3k.club/user/naimnaimov, 
https://vk.vas3k.cloud/dusky_dennisfen, https://vas3k.club/user/dennisfen, 
https://vk.vas3k.cloud/peachy_vesmi, https://vas3k.club/user/vesmi, 
https://vk.vas3k.cloud/gleeful_free0u, https://vas3k.club/user/free0u, 
https://vk.vas3k.cloud/cagey_festinuz, https://vas3k.club/user/festinuz, 
https://vk.vas3k.cloud/adorable_svch, https://vas3k.club/user/svch, 
https://vk.vas3k.cloud/mild_kernelpicnic, https://vas3k.club/user/kernelpicnic, 
https://vk.vas3k.cloud/gentle_almzg, https://vas3k.club/user/almzg, 
https://vk.vas3k.cloud/dewy_arseniyb, https://vas3k.club/user/arseniyb, 
https://vk.vas3k.cloud/green_ivannotbad, https://vas3k.club/user/ivannotbad, 
https://vk.vas3k.cloud/lanky_vanilevsky, https://vas3k.club/user/vanilevsky, 
https://vk.vas3k.cloud/dreamy_frexin, https://vas3k.club/user/frexin, 
https://vk.vas3k.cloud/pure_nikitapiankov, https://vas3k.club/user/nikitapiankov, 
https://vk.vas3k.cloud/snappy_mournph, https://vas3k.club/user/mournph, 
https://vk.vas3k.cloud/dandy_dprokoptsev, https://vas3k.club/user/dprokoptsev, 
https://vk.vas3k.cloud/agile_leemurus, https://vas3k.club/user/leemurus, 
https://vk.vas3k.cloud/fun_dmitrynazarenkov, https://vas3k.club/user/dmitrynazarenkov, 
https://vk.vas3k.cloud/genuine_kirze, https://vas3k.club/user/kirze, 
https://vk.vas3k.cloud/fine_daniilvachaev, https://vas3k.club/user/daniilvachaev, 
https://vk.vas3k.cloud/limber_grbit, https://vas3k.club/user/grbit, 
https://vk.vas3k.cloud/witty_enemorrian, https://vas3k.club/user/enemorrian, 
https://vk.vas3k.cloud/tame_nikitakoifman, https://vas3k.club/user/nikitakoifman, 
https://vk.vas3k.cloud/crisp_masik_plus, https://vas3k.club/user/masik_plus, 
https://vk.vas3k.cloud/worthy_exelent, https://vas3k.club/user/exelent, 
https://vk.vas3k.cloud/sky_alekseysherchenkov, https://vas3k.club/user/alekseysherchenkov, 
https://vk.vas3k.cloud/polar_zorin_al, https://vas3k.club/user/zorin_al, 
https://vk.vas3k.cloud/industrious_vkd, https://vas3k.club/user/vkd, 
https://vk.vas3k.cloud/agile_igralino, https://vas3k.club/user/igralino, 
https://vk.vas3k.cloud/misty_alenakhg, https://vas3k.club/user/alenakhg, 
https://vk.vas3k.cloud/joyous_c3zium, https://vas3k.club/user/c3zium, 
https://vk.vas3k.cloud/rosy_egorgumin, https://vas3k.club/user/egorgumin, 
https://vk.vas3k.cloud/loyal_jl3ohapdo, https://vas3k.club/user/jl3ohapdo, 
https://vk.vas3k.cloud/rare_yurykolesnikov, https://vas3k.club/user/yurykolesnikov, 
https://vk.vas3k.cloud/flame_vromanv89, https://vas3k.club/user/vromanv89, 
https://vk.vas3k.cloud/stoic_serjio, https://vas3k.club/user/serjio, 
https://vk.vas3k.cloud/lucent_cracker, https://vas3k.club/user/cracker, 
https://vk.vas3k.cloud/witty_teddygirll, https://vas3k.club/user/teddygirll, 
https://vk.vas3k.cloud/mellow_vlnec, https://vas3k.club/user/vlnec, 
https://vk.vas3k.cloud/cuddly_ivan010, https://vas3k.club/user/ivan010, 
https://vk.vas3k.cloud/brave_dia_gaya, https://vas3k.club/user/dia_gaya, 
https://vk.vas3k.cloud/spicy_avatharka, https://vas3k.club/user/avatharka, 
https://vk.vas3k.cloud/kindly_ulyan, https://vas3k.club/user/ulyan, 
https://vk.vas3k.cloud/swift_dmiandre, https://vas3k.club/user/dmiandre, 
https://vk.vas3k.cloud/sunkissed_a86, https://vas3k.club/user/a86, 
https://vk.vas3k.cloud/bubbly_guschin, https://vas3k.club/user/guschin, 
https://vk.vas3k.cloud/jolly_asya_aver, https://vas3k.club/user/asya_aver, 
https://vk.vas3k.cloud/gleeful_sleepin, https://vas3k.club/user/sleepin, 
https://vk.vas3k.cloud/noble_ryaganin, https://vas3k.club/user/ryaganin, 
https://vk.vas3k.cloud/modest_lopin, https://vas3k.club/user/lopin, 
https://vk.vas3k.cloud/pavel-ignatovich, https://vas3k.club/user/pavel-ignatovich, 
https://vk.vas3k.cloud/elegant_zmievsa, https://vas3k.club/user/zmievsa, 
https://vk.vas3k.cloud/cuddly_bioern, https://vas3k.club/user/bioern, 
https://vk.vas3k.cloud/hot_dennytarasov, https://vas3k.club/user/dennytarasov, 
https://vk.vas3k.cloud/virtuous_inem, https://vas3k.club/user/inem,

# Гости
https://vk.vas3k.cloud/alexgenin_kate, null, 
https://vk.vas3k.cloud/andreyragimov_yulia, null, 
https://vk.vas3k.cloud/vatolinalex_anna, null, 
https://vk.vas3k.cloud/almzg_galina, null, 
https://vk.vas3k.cloud/exelent_natalia, null, 
https://vk.vas3k.cloud/EgorGumin_daniil, null
https://vk.vas3k.cloud/EgorGumin_nastya, null